,stride speed,near hip Flexion range,far hip Flexion range
0,0.970873786407767,83.80834074935011,84.21513308667559
