,near knee Flexion range,far knee Flexion range
0,69.73660182739611,91.35735650753955
